{"train_loss": 0.0015978069277480245, "_timestamp": 1662784699.716996, "_runtime": 1066.9141709804535, "_step": 2144, "_wandb": {"runtime": 1067}}