{"train_loss": 0.15101082623004913, "test_loss": 0.15167102217674255, "_timestamp": 1662789504.0578234, "_runtime": 25.643957376480103, "_step": 0, "_wandb": {"runtime": 21}}