{"train_loss": 0.004424658603966236, "test_loss": 0.004919200204312801, "_timestamp": 1662866015.4559908, "_runtime": 75.16426682472229, "_step": 99, "_wandb": {"runtime": 75}}