{"train_loss": 0.0014812754234299064, "test_loss": 0.0014765430241823196, "_timestamp": 1662875880.5737207, "_runtime": 2355.824605703354, "_step": 4331, "reconstruction": {"_type": "images/separated", "width": 640, "height": 480, "format": "png", "count": 1, "filenames": ["media/images/reconstruction_4241_ef00199f5745ef4d4f91.png"]}, "original image": {"_type": "images/separated", "width": 640, "height": 480, "format": "png", "count": 1, "filenames": ["media/images/original image_4241_698b502e75baf4780c28.png"]}, "_wandb": {"runtime": 2356}}