{"train_loss": 14.344666481018066, "test_loss": 14.537443161010742, "_timestamp": 1663031831.121259, "_runtime": 141.72451186180115, "_step": 8989, "reconstruction": {"_type": "images/separated", "width": 640, "height": 480, "format": "png", "count": 1, "filenames": ["media/images/reconstruction_8889_905a6e3348e43c6c6657.png"]}, "original image": {"_type": "images/separated", "width": 640, "height": 480, "format": "png", "count": 1, "filenames": ["media/images/original image_8889_9a322200cb2885075137.png"]}, "_wandb": {"runtime": 145}}