{"train_loss": 842.4968872070312, "_timestamp": 1662776927.3774805, "_runtime": 244.04896354675293, "_step": 1368, "_wandb": {"runtime": 245}}