{"train_loss": 0.0015736263012513518, "test_loss": 0.001697141444310546, "_timestamp": 1662867325.1177986, "_runtime": 1201.127088546753, "_step": 2165, "reconstruction": {"_type": "images/separated", "width": 640, "height": 480, "format": "png", "count": 1, "filenames": ["media/images/reconstruction_2120_6b84cd2e97266b221102.png"]}, "original image": {"_type": "images/separated", "width": 640, "height": 480, "format": "png", "count": 1, "filenames": ["media/images/original image_2120_43a3322d14195c208b1b.png"]}, "_wandb": {"runtime": 1220}}