{"train_loss": 0.0977829173207283, "test_loss": 0.1138513907790184, "_timestamp": 1663041476.7085645, "_runtime": 44.64158058166504, "_step": 44, "_wandb": {"runtime": 44}}