{"train_loss": [10148165.0, 13376697.0, 18549666.0, 18366250.0, 9245351.0, 15455669.0, 12754085.0, 13340438.0], "_timestamp": 1662774963.3192818, "_runtime": 225.93947076797485, "_step": 910, "_wandb": {"runtime": 227}}