{"train_loss": 0.0016502055805176497, "test_loss": 0.00143693876452744, "_timestamp": 1662790808.4114673, "_runtime": 1193.7670142650604, "_step": 2144, "_wandb": {"runtime": 1194}}