{"train_loss": [787.7188110351562, 1003.7027587890625, 736.15380859375, 813.7805786132812, 766.5902099609375, 831.5545654296875, 569.3106689453125, 944.4375610351562], "_timestamp": 1662775857.4699721, "_runtime": 363.11398005485535, "_step": 1718, "_wandb": {"runtime": 365}}