{"train_loss": [49929248.0, 95024056.0, 87174296.0, 95251144.0, 61584268.0, 81531448.0, 54439964.0, 87996704.0], "_timestamp": 1662774603.2080817, "_runtime": 267.10133361816406, "_step": 1063, "_wandb": {"runtime": 255}}