{"train_loss": 9.696112632751465, "test_loss": 10.787532806396484, "_timestamp": 1663033311.6636293, "_runtime": 1420.6331543922424, "_step": 102189, "reconstruction": {"_type": "images/separated", "width": 640, "height": 480, "format": "png", "count": 1, "filenames": ["media/images/reconstruction_102173_fa35ba9791c0f5831ac4.png"]}, "original image": {"_type": "images/separated", "width": 640, "height": 480, "format": "png", "count": 1, "filenames": ["media/images/original image_102173_0153e858d29a5892516f.png"]}, "_wandb": {"runtime": 1420}}