{"supervised_linear_train_loss": 1.5448973178863525, "supervised_linear_test_loss": 1.86561918258667, "supervised_linear_train_accuarcy": 0.45703125, "supervised_linear_test_accuarcy": 0.390625, "supervised_linear_train_top_k_accuarcy": 0.59765625, "supervised_linear_test_top_k_accuarcy": 0.546875, "_timestamp": 1662962719.2955716, "_runtime": 265.3987305164337, "_step": 619, "_wandb": {"runtime": 265}}