{"train_loss": 0.0018742633983492851, "test_loss": 0.001762495143339038, "_timestamp": 1662873083.4101536, "_runtime": 675.1664326190948, "_step": 1213, "reconstruction": {"_type": "images/separated", "width": 640, "height": 480, "format": "png", "count": 1, "filenames": ["media/images/reconstruction_1211_435b253cbb37f801fb9f.png"]}, "original image": {"_type": "images/separated", "width": 640, "height": 480, "format": "png", "count": 1, "filenames": ["media/images/original image_1211_1890f6937cb06e445972.png"]}, "_wandb": {"runtime": 675}}