{"train_loss": 0.002538759261369705, "_timestamp": 1662783397.2513323, "_runtime": 236.96570825576782, "_step": 428, "_wandb": {"runtime": 228}}