{"train_loss": 1.142386794090271, "test_loss": 0.6352649927139282, "_timestamp": 1663029642.3070543, "_runtime": 1209.8316161632538, "_step": 3106, "reconstruction": {"_type": "images/separated", "width": 640, "height": 480, "format": "png", "count": 1, "filenames": ["media/images/reconstruction_3031_121173c788306c1739e1.png"]}, "original image": {"_type": "images/separated", "width": 640, "height": 480, "format": "png", "count": 1, "filenames": ["media/images/original image_3031_ba8177de0b86c06cddee.png"]}}