{"supervised_linear_train_loss": 1.3106358051300049, "supervised_linear_test_loss": 1.7596694231033325, "supervised_linear_train_accuarcy": 0.53515625, "supervised_linear_test_accuarcy": 0.359375, "supervised_linear_train_top_k_accuarcy": 0.7421875, "supervised_linear_test_top_k_accuarcy": 0.53125, "_timestamp": 1662963287.8062077, "_runtime": 258.94374775886536, "_step": 619, "_wandb": {"runtime": 258}}