{"train_loss": 0.004416965879499912, "test_loss": 0.004080099053680897, "_timestamp": 1662864733.0549085, "_runtime": 154.02690052986145, "_step": 99, "_wandb": {"runtime": 75}}