{"supervised_linear_train_loss": 0.7967014908790588, "supervised_linear_test_loss": 3.603247880935669, "supervised_linear_train_accuarcy": 0.75, "supervised_linear_test_accuarcy": 0.359375, "supervised_linear_train_top_k_accuarcy": 0.859375, "supervised_linear_test_top_k_accuarcy": 0.640625, "_timestamp": 1662891876.3038917, "_runtime": 3335.6422097682953, "_step": 8579, "_wandb": {"runtime": 3335}}