{"train_loss": 913.2711181640625, "_timestamp": 1662777119.5307548, "_runtime": 110.77871584892273, "_step": 316, "_wandb": {"runtime": 310}}